andreasmeinicke.aaa,null,408,/127.0.0.1
andyhattemer.aaa,null,192,/127.0.0.1
angelasjoyfuljourney.aaa,null,273,/127.0.0.1
anjomachine.aaa,null,195,/127.0.0.1
trickydick504.aaa,null,184,/127.0.0.1
troffler.aaa,null,174,/127.0.0.1
tru09.aaa,null,282,/127.0.0.1
truemaskedwabbit.aaa,null,260,/127.0.0.1
whereisfabinow.aaa,null,361,/127.0.0.1
wizgerd.aaa,null,262,/127.0.0.1
worlddealer.aaa,null,295,/127.0.0.1
wunderkammermag.aaa,null,217,/127.0.0.1
yabbobay.aaa,null,295,/127.0.0.1
angelseurope.aarp,null,681,/127.0.0.1
disruptaging.aarp,204.74.99.100,707,/127.0.0.1
help.aarp,45.60.160.55,410,/127.0.0.1
nic.aarp,54.86.17.26,970,/127.0.0.1
takeontoday.aarp,204.74.99.100,239,/127.0.0.1
webwhois.nic.aarp,199.16.84.26,947,/127.0.0.1
whois.nic.aarp,192.68.126.30,428,/127.0.0.1
woodysagoo.aarp,null,415,/127.0.0.1
www.disruptaging.aarp,204.74.99.100,451,/127.0.0.1
www.help.aarp,45.60.160.55,596,/127.0.0.1
xinhangmenye.aarp,null,520,/127.0.0.1
a0.nic.abarth,null,268,/127.0.0.1
a2.nic.abarth,null,932,/127.0.0.1
b0.nic.abarth,null,184,/127.0.0.1
b2.nic.abarth,null,186,/127.0.0.1
c0.nic.abarth,null,216,/127.0.0.1
nic.abarth,null,196,/127.0.0.1
whois.nic.abarth,null,173,/127.0.0.1
125years.abb,138.224.0.118,450,/127.0.0.1
abacusanalyzer.waf.abb,23.63.111.154,395,/127.0.0.1
abb-fiext-hub02.fi.waf.abb,23.63.111.154,781,/127.0.0.1
abbtm.fi.waf.abb,23.63.111.113,674,/127.0.0.1
ability.abb,165.160.15.20,346,/127.0.0.1
abilitybuilder01.clientsuccess.ability.abb,13.81.50.191,406,/127.0.0.1
accessmanagement.motion.waf.abb,23.63.111.154,431,/127.0.0.1
ahc.enterprisesoftware.abb,null,302,/127.0.0.1
almglobal.waf.abb,23.63.111.154,1478,/127.0.0.1
ameren.apm.enterprisesoftware.abb,null,5753,/127.0.0.1
api.accessmanagement.motion.waf.abb,23.63.111.113,1656,/127.0.0.1
apiakamaitest1.waf.abb,23.63.111.146,781,/127.0.0.1
apiakamaitest2.waf.abb,null,577,/127.0.0.1
api.ameren.apm.enterprisesoftware.abb,null,406,/127.0.0.1
api.apm.enterprisesoftware.abb,null,405,/127.0.0.1
api-ci-blue.dev.apm.enterprisesoftware.abb,null,655,/127.0.0.1
api-ci-green.dev.apm.enterprisesoftware.abb,null,283,/127.0.0.1
api-ci-pink.dev.apm.enterprisesoftware.abb,null,417,/127.0.0.1
api.cmpc.apmedge.enterprisesoftware.abb,null,449,/127.0.0.1
api.demo.apm.enterprisesoftware.abb,null,284,/127.0.0.1
api.demo.eu.apm.enterprisesoftware.abb,null,417,/127.0.0.1
api.dev.ameren.apm.enterprisesoftware.abb,null,415,/127.0.0.1
api.dev.energinet.apm.enterprisesoftware.abb,null,5455,/127.0.0.1
api.dev.tva.apm.enterprisesoftware.abb,null,317,/127.0.0.1
api.energinet.apm.enterprisesoftware.abb,null,328,/127.0.0.1
api.eu.apm.enterprisesoftware.abb,null,460,/127.0.0.1
api-gd04.develop-04.platform-dev.ability.waf.abb,null,285,/127.0.0.1
api.geme.apmedge.enterprisesoftware.abb,null,294,/127.0.0.1
api-glb01.dev.abilityplatform.abb,23.63.111.146,892,/127.0.0.1
api-glb01.dev.abilityplatform.waf.abb,23.63.111.163,119,/127.0.0.1
api-gop03.test.abilityplatform.abb,23.63.111.146,1137,/127.0.0.1
api-gop03.test.abilityplatform.waf.abb,23.63.111.146,119,/127.0.0.1
api-gop04.test02.abilityplatform.abb,23.58.2.198,660,/127.0.0.1
api-gop04.test02.abilityplatform.waf.abb,23.58.2.198,118,/127.0.0.1
api-gs03.stabilization-03.platform-tst.ability.abb,51.105.180.193,10279,/127.0.0.1
api-ian01.dev.abilityplatform.abb,null,262,/127.0.0.1
api-idb01.develop-04.platform-dev.ability.abb,20.16.35.38,260,/127.0.0.1
api-ids01.develop-07.platform-dev.ability.abb,null,206,/127.0.0.1
api-iel02.dev.abilityplatform.abb,52.156.197.185,274,/127.0.0.1
api-iel03.dev.abilityplatform.abb,40.69.95.11,250,/127.0.0.1
api-iel05.dev.abilityplatform.abb,13.74.188.50,5296,/127.0.0.1
api-iia01.dev.abilityplatform.abb,null,207,/127.0.0.1
api-iia05.dev.abilityplatform.abb,20.238.37.185,206,/127.0.0.1
api-iia06.dev.abilityplatform.abb,20.223.148.24,221,/127.0.0.1
api-iia07.dev.abilityplatform.abb,52.164.242.237,202,/127.0.0.1
api-iia11.dev.abilityplatform.abb,null,383,/127.0.0.1
api-ilb01.dev.abilityplatform.abb,52.156.197.185,207,/127.0.0.1
api-in01.stabilization-03.platform-tst.ability.abb,51.105.180.193,272,/127.0.0.1
api-in02.stabilization-03.platform-tst.ability.abb,51.105.180.193,224,/127.0.0.1
api-inf01.test02.abilityplatform.abb,null,228,/127.0.0.1
api-iop15.test02.abilityplatform.abb,20.50.186.171,218,/127.0.0.1
api-iop16.test02.abilityplatform.abb,20.50.186.171,195,/127.0.0.1
api-iro03.dev.abilityplatform.abb,20.73.130.247,210,/127.0.0.1
api-ish09.stabilization-03.platform-tst.ability.abb,null,213,/127.0.0.1
api-ist03.dev.abilityplatform.abb,null,262,/127.0.0.1
api-ist04.test.abilityplatform.abb,null,428,/127.0.0.1
api-ist07.test02.abilityplatform.abb,20.50.186.171,833,/127.0.0.1
api-ist15.test.abilityplatform.abb,null,238,/127.0.0.1
api-ist18.test.abilityplatform.abb,null,197,/127.0.0.1
api-ist19.test.abilityplatform.abb,null,217,/127.0.0.1
api-iut16.test02.abilityplatform.abb,20.50.186.171,218,/127.0.0.1
api-iut17.test02.abilityplatform.abb,20.50.186.171,207,/127.0.0.1
api-iut18.test02.abilityplatform.abb,51.144.254.200,206,/127.0.0.1
api.jp.emi.enterprisesoftware.abb,null,438,/127.0.0.1
api.lite.apm.enterprisesoftware.abb,null,439,/127.0.0.1
api-lite-vm088.dev.apm.enterprisesoftware.abb,null,449,/127.0.0.1
api-lmpa.lmpanalytics.enterprisesoftware.abb,null,351,/127.0.0.1
api.lodz1.apmlite.enterprisesoftware.abb,null,350,/127.0.0.1
apim.digitalchannel.enterprisesoftware.abb,null,472,/127.0.0.1
api.mea-demo.apm.enterprisesoftware.abb,null,418,/127.0.0.1
api.measurementservice.waf.abb,23.63.111.113,703,/127.0.0.1
api-mktrpts.marketreports.enterprisesoftware.abb,null,350,/127.0.0.1
api.nonprod1.bp.nmarket.enterprisesoftware.abb,null,516,/127.0.0.1
api.pggi.apm.enterprisesoftware.abb,null,317,/127.0.0.1
api.pilot.apmlite.enterprisesoftware.abb,null,605,/127.0.0.1
api.pre-demo.apm.enterprisesoftware.abb,null,416,/127.0.0.1
api.pre-demo.eu.apm.enterprisesoftware.abb,null,317,/127.0.0.1
api.pre-prod.apm.enterprisesoftware.abb,null,317,/127.0.0.1
api.pre-prod.eu.apm.enterprisesoftware.abb,null,406,/127.0.0.1
api-q102.stabilization-03.platform-tst.ability.abb,51.105.180.193,10309,/127.0.0.1
api.qa.ameren.apm.enterprisesoftware.abb,null,294,/127.0.0.1
api.qa.tva.apm.enterprisesoftware.abb,null,328,/127.0.0.1
api-ran01.dev.abilityplatform.abb,null,207,/127.0.0.1
api-rdb01.develop-04.platform-dev.ability.abb,20.4.45.127,218,/127.0.0.1
api-rds01.develop-07.platform-dev.ability.abb,null,195,/127.0.0.1
api-rel02.dev.abilityplatform.abb,52.156.197.185,229,/127.0.0.1
api-rel03.dev.abilityplatform.abb,13.79.172.150,262,/127.0.0.1
api-rel05.dev.abilityplatform.abb,20.107.212.94,1419,/127.0.0.1
api-ria01.dev.abilityplatform.abb,52.156.197.185,207,/127.0.0.1
api-ria05.dev.abilityplatform.abb,20.234.119.25,250,/127.0.0.1
api-ria06.dev.abilityplatform.abb,20.223.242.143,218,/127.0.0.1
api-ria07.dev.abilityplatform.abb,20.123.37.17,218,/127.0.0.1
api-ri.renewableinsights.enterprisesoftware.abb,null,327,/127.0.0.1
api-rlb01.dev.abilityplatform.abb,52.156.197.185,263,/127.0.0.1
api-rn01.stabilization-03.platform-tst.ability.abb,51.105.180.193,206,/127.0.0.1
api-rnf01.test02.abilityplatform.abb,null,384,/127.0.0.1
api-rnf01.test02.abilityplatform.waf.abb,23.63.111.163,858,/127.0.0.1
api-rop15.test02.abilityplatform.abb,20.50.186.171,10317,/127.0.0.1
api-rop16.test02.abilityplatform.abb,20.50.186.171,273,/127.0.0.1
api-rq102.stabilization-03.platform-tst.ability.abb,51.105.180.193,217,/127.0.0.1
api-rro03.dev.abilityplatform.abb,null,228,/127.0.0.1
api-rsh04.develop-04.platform-dev.ability.abb,null,395,/127.0.0.1
api-rsh05.stabilization-03.platform-tst.ability.abb,52.178.43.218,196,/127.0.0.1
api-rsh06.stabilization-03.platform-tst.ability.abb,null,544,/127.0.0.1
api-rsh08.stabilization-03.platform-tst.ability.abb,52.157.145.95,285,/127.0.0.1
api-rsh09.stabilization-03.platform-tst.ability.abb,null,207,/127.0.0.1
api-rsh09.stabilization-03.platform-tst.ability.waf.abb,23.63.111.146,649,/127.0.0.1
api-rst04.test.abilityplatform.abb,null,626,/127.0.0.1
api-rst15.test.abilityplatform.abb,null,250,/127.0.0.1
api-rst15.test.abilityplatform.waf.abb,23.63.111.193,418,/127.0.0.1
api-rst18.test.abilityplatform.abb,null,604,/127.0.0.1
api-rst18.test.abilityplatform.waf.abb,23.63.111.193,1003,/127.0.0.1
api-rst19.test.abilityplatform.abb,null,217,/127.0.0.1
api-ruc01.stabilization-03.platform-tst.ability.abb,51.105.180.193,196,/127.0.0.1
api-rut18.test02.abilityplatform.abb,52.157.100.139,734,/127.0.0.1
api-sh04.develop-04.platform-dev.ability.abb,null,205,/127.0.0.1
api-sh08.stabilization-03.platform-tst.ability.abb,40.68.138.31,196,/127.0.0.1
api-sh09.stabilization-03.platform-tst.ability.abb,null,194,/127.0.0.1
api-shlmp.lmpanalytics.enterprisesoftware.abb,null,461,/127.0.0.1
api.tva.apm.enterprisesoftware.abb,null,362,/127.0.0.1
api.us-demo.apm.enterprisesoftware.abb,null,339,/127.0.0.1
api-xi99.develop-05.platform-dev.ability.abb,null,1092,/127.0.0.1
api-xx99.develop-05.platform-dev.ability.abb,null,936,/127.0.0.1
apm.enterprisesoftware.abb,null,363,/127.0.0.1
apm-haproxy-secops.dev.apm.enterprisesoftware.abb,null,505,/127.0.0.1
apm-lite-vm088-001.dev.apm.enterprisesoftware.abb,null,1181,/127.0.0.1
apm-lite-vm088.dev.apm.enterprisesoftware.abb,null,339,/127.0.0.1
apm-secops-01-fef1fd48-fw1-pip2.dev.apm.enterprisesoftware.abb,null,384,/127.0.0.1
apm-secops-05-haproxy-load-balancer.ameren.apm.enterprisesoftware.abb,null,283,/127.0.0.1
arcticupdate.waf.abb,52.169.182.199,783,/127.0.0.1
ascc.waf.abb,138.225.1.174,869,/127.0.0.1
ask.clientsuccess.ability.abb,52.236.173.105,233,/127.0.0.1
assethubworkplace.edgenius.abilityplatform.abb,20.76.155.172,379,/127.0.0.1
assets-author-stage.cms.abb,null,172,/127.0.0.1
assets-stage.cms.abb,null,539,/127.0.0.1
author.cms.abb,3.248.3.106,888,/127.0.0.1
auth.renewableinsights.enterprisesoftware.abb,null,316,/127.0.0.1
auth.xecm.waf.abb,23.63.111.154,6054,/127.0.0.1
automatisierung-mittelstand.de.waf.abb,23.63.111.154,750,/127.0.0.1
baldorconfig.waf.abb,23.63.111.154,648,/127.0.0.1
beta.baldorvip.waf.abb,23.63.111.113,696,/127.0.0.1
bolservices.it.waf.abb,23.63.111.113,2389,/127.0.0.1
bolservices-stage.it.waf.abb,23.63.111.113,644,/127.0.0.1
brand.abb,151.101.195.10,317,/127.0.0.1
bus.baldor.waf.abb,23.63.111.193,538,/127.0.0.1
businessapps.stage.waf.abb,23.63.111.154,395,/127.0.0.1
businessapps.waf.abb,23.63.111.113,770,/127.0.0.1
campaigns.abb,52.72.49.79,384,/127.0.0.1
careers.abb,52.17.251.86,188,/127.0.0.1
ci-blue.dev.apm.enterprisesoftware.abb,null,666,/127.0.0.1
ci-green.dev.apm.enterprisesoftware.abb,null,185,/127.0.0.1
ci-pink.dev.apm.enterprisesoftware.abb,null,698,/127.0.0.1
cloudapps01.waf.abb,23.63.111.154,660,/127.0.0.1
cmpc.apmedge.enterprisesoftware.abb,null,482,/127.0.0.1
cms.abb,null,217,/127.0.0.1
cn2.cdn.connect.waf.abb,23.63.111.146,948,/127.0.0.1
commissioning-request.in.waf.abb,23.63.111.154,6130,/127.0.0.1
cs.engie.apmedge.enterprisesoftware.abb,null,416,/127.0.0.1
cs.lodz1.apmlite.enterprisesoftware.abb,null,384,/127.0.0.1
cs.pggi.apm.enterprisesoftware.abb,null,339,/127.0.0.1
cs.pilot.apmlite.enterprisesoftware.abb,null,362,/127.0.0.1
cst-ingress.ability.abb,52.236.173.105,122,/127.0.0.1
ct.engie.apmedge.enterprisesoftware.abb,null,169,/127.0.0.1
ct.geme.apmedge.enterprisesoftware.abb,null,788,/127.0.0.1
ct.lodz1.apmlite.enterprisesoftware.abb,null,317,/127.0.0.1
ct.pggi.apm.enterprisesoftware.abb,null,445,/127.0.0.1
ct.pilot.apmlite.enterprisesoftware.abb,null,328,/127.0.0.1
cust-rel.e.waf.abb,23.63.111.113,396,/127.0.0.1
dashboard.edgenius.abilityplatform.abb,20.76.155.172,206,/127.0.0.1
demo.apm.enterprisesoftware.abb,null,328,/127.0.0.1
dev.accessmanagement.motion.waf.abb,23.63.111.113,794,/127.0.0.1
dev.ameren.apm.enterprisesoftware.abb,null,327,/127.0.0.1
dev.api.accessmanagement.motion.waf.abb,23.63.111.113,395,/127.0.0.1
dev-copy.ameren.apm.enterprisesoftware.abb,null,294,/127.0.0.1
dev.drives-document-generator.waf.abb,23.63.111.113,406,/127.0.0.1
dev.energinet.apm.enterprisesoftware.abb,null,316,/127.0.0.1
dev.turbocare.waf.abb,23.63.111.113,966,/127.0.0.1
dev.tva.apm.enterprisesoftware.abb,null,283,/127.0.0.1
docs.abb,52.72.49.79,186,/127.0.0.1
dodgepassport.waf.abb,23.63.111.154,394,/127.0.0.1
drivecare.abb-drives.waf.abb,null,426,/127.0.0.1
drivereg.abb-drives.waf.abb,23.63.111.113,407,/127.0.0.1
drives-document-generator.waf.abb,23.63.111.154,5385,/127.0.0.1
edt.ameren.apm.enterprisesoftware.abb,null,327,/127.0.0.1
edt.apm.enterprisesoftware.abb,null,340,/127.0.0.1
edt.demo.apm.enterprisesoftware.abb,null,283,/127.0.0.1
edt.dev.ameren.apm.enterprisesoftware.abb,null,428,/127.0.0.1
edt.pggi.apm.enterprisesoftware.abb,null,329,/127.0.0.1
edt.pre-demo.apm.enterprisesoftware.abb,null,1102,/127.0.0.1
edt.pre-prod.apm.enterprisesoftware.abb,null,717,/127.0.0.1
electrification.abb,null,649,/127.0.0.1
electrification.us.waf.abb,23.63.111.121,900,/127.0.0.1
empower.waf.abb,23.63.111.154,549,/127.0.0.1
energinet.apm.enterprisesoftware.abb,null,438,/127.0.0.1
energymarketintel.enterprisesoftware.abb,null,306,/127.0.0.1
engie.apmedge.enterprisesoftware.abb,null,285,/127.0.0.1
eu.apm.enterprisesoftware.abb,null,438,/127.0.0.1
eu.marketplace.ability.abb,13.107.213.68,231,/127.0.0.1
events.abb,52.72.49.79,497,/127.0.0.1
ezlinkconnect.waf.abb,23.63.111.113,1480,/127.0.0.1
feedback.ability.abb,23.22.45.22,594,/127.0.0.1
fleetmanager.protection-control.abb,52.155.218.145,604,/127.0.0.1
geme.apmedge.enterprisesoftware.abb,null,184,/127.0.0.1
glf-app.abb,85.13.132.159,428,/127.0.0.1
global.abb,151.101.131.10,174,/127.0.0.1
global-int.cms.abb,null,294,/127.0.0.1
global-qa.cms.abb,null,516,/127.0.0.1
global-stage.cms.abb,null,196,/127.0.0.1
go.abb,52.72.49.79,174,/127.0.0.1
grafana.apm.enterprisesoftware.abb,null,328,/127.0.0.1
group.abb,null,328,/127.0.0.1
haproxy-dev.energinet.apm.enterprisesoftware.abb,null,328,/127.0.0.1
haproxy.energinet.apm.enterprisesoftware.abb,null,909,/127.0.0.1
id.abb,52.30.171.72,440,/127.0.0.1
industrial-automation.abb,null,427,/127.0.0.1
industrialsolutions.anz.waf.abb,23.63.111.193,937,/127.0.0.1
industrialsolutions.asean.waf.abb,23.63.111.193,660,/127.0.0.1
industrialsolutions.befr.waf.abb,23.63.111.121,549,/127.0.0.1
industrialsolutions.be.waf.abb,23.63.111.121,406,/127.0.0.1
industrialsolutions.br.waf.abb,23.63.111.121,704,/127.0.0.1
industrialsolutions.ca.waf.abb,23.63.111.121,427,/127.0.0.1
industrialsolutions.chfr.waf.abb,23.63.111.121,1252,/127.0.0.1
industrialsolutions.chit.waf.abb,23.63.111.121,912,/127.0.0.1
industrialsolutions.cn.waf.abb,null,426,/127.0.0.1
industrialsolutions.de.waf.abb,23.63.111.193,971,/127.0.0.1
industrialsolutions.dk.waf.abb,23.63.111.193,659,/127.0.0.1
industrialsolutions.es.waf.abb,23.63.111.121,682,/127.0.0.1
industrialsolutions.ex.waf.abb,23.63.111.193,383,/127.0.0.1
industrialsolutions.fi.waf.abb,23.63.111.193,877,/127.0.0.1
industrialsolutions.fr.waf.abb,23.63.111.193,792,/127.0.0.1
industrialsolutions.hu.waf.abb,23.63.111.193,682,/127.0.0.1
industrialsolutions.it.waf.abb,23.63.111.193,792,/127.0.0.1
industrialsolutions.la.waf.abb,23.63.111.121,809,/127.0.0.1
industrialsolutions.me.waf.abb,23.63.111.193,512,/127.0.0.1
industrialsolutions.mx.waf.abb,23.63.111.121,393,/127.0.0.1
industrialsolutions.naf.waf.abb,23.63.111.121,1042,/127.0.0.1
industrialsolutions.nl.waf.abb,23.63.111.193,837,/127.0.0.1
industrialsolutions.no.waf.abb,23.63.111.121,406,/127.0.0.1
industrialsolutions.pl.waf.abb,23.63.111.193,907,/127.0.0.1
industrialsolutions.pt.waf.abb,23.63.111.193,524,/127.0.0.1
industrialsolutions.ru.waf.abb,23.63.111.121,394,/127.0.0.1
industrialsolutions.se.waf.abb,23.63.111.121,672,/127.0.0.1
industrialsolutions.tr.waf.abb,23.63.111.193,1292,/127.0.0.1
industrialsolutions.uk.waf.abb,23.63.111.121,538,/127.0.0.1
inside.abb,52.72.49.79,550,/127.0.0.1
internal.marketplace.clientsuccess.ability.abb,null,649,/127.0.0.1
jenkins.devops.enterprisesoftware.abb,null,521,/127.0.0.1
jenkins.ops.dev.digital.enterprisesoftware.abb,null,438,/127.0.0.1
ji-jasons-ol74.digital.enterprisesoftware.abb,null,185,/127.0.0.1
jobs3.test.waf.abb,23.63.111.113,786,/127.0.0.1
jobs6.test.waf.abb,23.63.111.154,563,/127.0.0.1
jobs.hitachiabb-powergrids.waf.abb,23.63.111.120,1214,/127.0.0.1
jobs.waf.abb,23.63.111.154,826,/127.0.0.1
keycloak.cmpc.apmedge.enterprisesoftware.abb,null,416,/127.0.0.1
keycloak.engie.apmedge.enterprisesoftware.abb,null,416,/127.0.0.1
keycloak.geme.apmedge.enterprisesoftware.abb,null,5978,/127.0.0.1
keycloak.